{
    "id": "1",
    "name": "Khoa Cao",
    "email": "khoa.cao@singtel.com",
    "managerGrade": 1,
    "department": "IT",
    "managers": [
        {
            "id": "2",
            "name": "Henry",
            "email": "henry@singtel.com",
            "managerGrade": 3
        },
        {
            "id": "3",
            "name": "Chen Hong",
            "email": "chen.hong@singtel.com",
            "managerGrade": 4
        },
        {
            "id": "4",
            "name": "William Woo",
            "email": "william.woo@singtel.com",
            "managerGrade": 5
        }
    ]
}